insert into classes values ('Bismarck', 'bb', 'Germany', 8, 15, 42000);
insert into classes values ('Iowa', 'bb', 'USA', 9, 16, 46000);
insert into classes values ('Kongo', 'bc', 'Japan', 8, 14, 32000);
insert into classes values ('North Carolina', 'bb', 'USA', 9, 16, 37000);
insert into classes values ('Renown', 'bc', 'Gt. Britain', 6, 15, 32000);
insert into classes values ('Revenge', 'bb', 'Gt. Britain', 8, 15, 29000);
insert into classes values ('Tennessee', 'bb', 'USA', 12, 14, 32000);
insert into classes values ('Yamato', 'bb', 'Japan', 9, 18, 65000);

insert into battles values ('Denmark Strait', '5/24/41');
insert into battles values ('Guadalcanal', '11/15/42');
insert into battles values ('North Cape', '12/26/43');
insert into battles values ('Surigao Strait', '10/25/44');

insert into outcomes values ('Arizona', 'Pearl Harbor', 'sunk');
insert into outcomes values ('Bismarck', 'Denmark Strait', 'sunk');
insert into outcomes values ('California', 'Surigao Strait', 'ok');
insert into outcomes values ('Duke of York', 'North Cape', 'ok');
insert into outcomes values ('Fuso', 'Surigao Strait', 'sunk');
insert into outcomes values ('Hood', 'Denmark Strait', 'sunk');
insert into outcomes values ('King George V', 'Denmark Strait', 'ok');
insert into outcomes values ('Kirishima', 'Guadalcanal', 'sunk');
insert into outcomes values ('Prince of Wales', 'Denmark Strait', 'damaged');
insert into outcomes values ('Rodney', 'Denmark Strait', 'ok');
insert into outcomes values ('Scharnhorst', 'North Cape', 'sunk');
insert into outcomes values ('South Dakota', 'Guadalcanal', 'sunk');
insert into outcomes values ('Tennessee', 'Surigao Strait', 'ok');
insert into outcomes values ('Washington', 'Guadalcanal', 'ok');
insert into outcomes values ('West Virginia', 'Surigao Strait', 'ok');
insert into outcomes values ('Yamashiro', 'Surigao Strait', 'sunk');

insert into ships values ('California', 'Tennessee', '01/01/1921');
insert into ships values ('Haruna', 'Kongo', '01/01/1915');
insert into ships values ('Hiei', 'Kongo', '01/01/1914');
insert into ships values ('Iowa', 'Iowa', '01/01/1943');
insert into ships values ('Kirishima', 'Kongo', '01/01/1915');
insert into ships values ('Kongo', 'Kongo', '01/01/1913');
insert into ships values ('Missouri', 'Iowa', '01/01/1944');
insert into ships values ('Musashi', 'Yamato', '01/01/1942');
insert into ships values ('New Jersey', 'Iowa', '01/01/1943');
insert into ships values ('North Carolina', 'North Carolina', '01/01/1941');
insert into ships values ('Ramillies', 'Revenge', '01/01/1917');
insert into ships values ('Renown', 'Renown', '01/01/1916');
insert into ships values ('Repulse', 'Renown', '01/01/1916');
insert into ships values ('Resolution', 'Revenge', '01/01/1916');
insert into ships values ('Revenge', 'Revenge', '01/01/1916');
insert into ships values ('Royal Oak', 'Revenge', '01/01/1916');
insert into ships values ('Royal Sovereign', 'Revenge', '01/01/1916');
insert into ships values ('Tennessee', 'Tennessee', '01/01/1920');
insert into ships values ('Washington', 'North Carolina', '01/01/1941');
insert into ships values ('Wisconsin', 'Iowa', '01/01/1944');
insert into ships values ('Yamato', 'Yamato', '01/01/1941');